Filename,Result
17534221.jpg,SPL-010
17534597.jpg,AW-832
17536152.jpg,DXU-916
17539626.jpg,ENS-121
17541123.jpg,WDC-732
17547828.jpg,EA SQ-248
17548853.jpg,KNL-698
17551798.jpg,GUV-738
17553624.jpg,REL-198
17557644.jpg,
17558046.jpg,LPB-357
17558671.jpg,PMK-444
17560430.jpg,NGC-209
17560544.jpg,SHK-796
17560747.jpg,RXU-851
17562205.jpg,PZA-310
17562309.jpg,RIH-479
17562354.jpg,SJH-080
17562387.jpg,JXZ-843
17562928.jpg,DUV-589
17564000.jpg,RVS-387
17564017.jpg,LWV-909
17564248.jpg,DNG-884
17564939.jpg,MLH-769
17565135.jpg,WCA-790
17565335.jpg,PIW-351
17565502.jpg,GGG-361
17566571.jpg,BAD-911
17567254.jpg,KES-324
17567423.jpg,EI VP-605
17568053.jpg,EWT-695
17569928.jpg,OT 74-39
17570569.jpg,PVN-507
17571697.jpg,JHZ-328
17573716.jpg,KJZ-001
17573804.jpg,HEF0-002
17573938.jpg,VRS-005
17574466.jpg,SVZ-062
17574474.jpg,SVZ-062
17577689.jpg,KRF-001
17577901.jpg,NZP-266
17579664.jpg,ICX-843
17580572.jpg,CCN-169
17580799.jpg,RZV-007
17581518.jpg,PUG-141
17581724.jpg,DPY-626
17582081.jpg,IE HY-526
17582092.jpg,SRL-363
17582434.jpg,RJF-066
17584597.jpg,GJZ-875
17584865.jpg,WCW-048
17585163.jpg,IP-049832
17585212.jpg,BDF-226
17585226.jpg,MA 05-29
17585787.jpg,SSF-099
17585880.jpg,EI SB-196
17585933.jpg,FDN-257
17587763.jpg,SMC-199
17589758.jpg,RUS-528
17590064.jpg,
17590579.jpg,SHH-712
17590924.jpg,JDE-877
17592254.jpg,DZV-440
17592460.jpg,SAV-150
17594170.jpg,ANC-752
17594389.jpg,HRU-751
17594936.jpg,MPT-875
17595469.jpg,PMC-607
17595495.jpg,435
17596062.jpg,PGG-462
17596573.jpg,PPX-753
17600502.jpg,ANK-883
17601555.jpg,NYY-049
17602527.jpg,FEK-638
17604670.jpg,SUZ-116
17606390.jpg,CLT-439
17606593.jpg,ECY-158
17606605.jpg,SOK-774
17607352.jpg,HLL-424
17608398.jpg,WAH-128
17608575.jpg,CD004-100
17608966.jpg,GIZ-596
17609926.jpg,SLZ-366
17610070.jpg,MA 07-11
17610296.jpg,NYU-868
17611883.jpg,GJT-369
17612883.jpg,PEV-947
17618601.jpg,HIGSU631
17619405.jpg,DSA-893
17620100.jpg,JEW-981
17620531.jpg,SONDUNAKFT
17620981.jpg,NZS-375
17621498.jpg,JJJ-559
17625139.jpg,
17625940.jpg,RFY-649
17626067.jpg,KAM-148
17626311.jpg,REY-236
17626832.jpg,AIHXM-55
17626950.jpg,MSK-819
17627752.jpg,SPM-140
17628556.jpg,H737
17629035.jpg,ECY-496
17630684.jpg,SGE-072
17631201.jpg,XWG-023
17631814.jpg,HTH-894
17631906.jpg,EKL-202
17633167.jpg,HP-0487821
17633331.jpg,Z-11888
17633653.jpg,SGG-978
17633803.jpg,KKK-746
17634576.jpg,P-01881
17634785.jpg,PVS-350
17636703.jpg,MAP-594
17636954.jpg,MKE-004
17637803.jpg,GZU-362
17638362.jpg,HVL-310
17639345.jpg,RTR-930
17639831.jpg,SSG-259
17641389.jpg,ALD-270
17642358.jpg,KHX-797
17642657.jpg,PUJ-867
17644151.jpg,DKA-909
17645535.jpg,IAG-129
17645558.jpg,MBH-857
17645815.jpg,LHY-948
17649484.jpg,RAV-110
17649587.jpg,PCF-958
17649976.jpg,PLG-776
17650014.jpg,KDU-461
17650785.jpg,GRF-363
17651882.jpg,
17652345.jpg,NJU-102
17655720.jpg,SCC-756
17656562.jpg,SXP-022
17656634.jpg,PDN-370
17657012.jpg,MWY-368
17657019.jpg,GYY-218
17657661.jpg,GRW-954
17657788.jpg,ROP-221
17657866.jpg,MMB-570
17659413.jpg,IRG-251
17660150.jpg,SXX-769
17662736.jpg,IANM-59
17666038.jpg,PWB-476
17666424.jpg,CUE-016
17666542.jpg,ACA-802
17668381.jpg,SBA-25
17670485.jpg,KVT-350
17671193.jpg,NRR-420
17672049.jpg,RVC-733
17673101.jpg,DJV-156
17673151.jpg,PNL-534
17675137.jpg,AVW-679
17675169.jpg,
17675695.jpg,RMH-182
17677209.jpg,KA-849
17680404.jpg,KOW-462
17681051.jpg,GZP-062
17682653.jpg,NNS-818
17683235.jpg,HSU-647
17684397.jpg,LRH-448
17685204.jpg,SSM-679
17685316.jpg,EILAU3344
17687292.jpg,MNM-10
17689352.jpg,RVH-812
17690480.jpg,NAE-911
17692514.jpg,RVY-654
17693284.jpg,MEU-728
17693332.jpg,POP-693
17693447.jpg,COD-511
17695495.jpg,ACGP-L3O
17698864.jpg,RYW-968
17699172.jpg,AUF-174
17700888.jpg,SSY-374
17701830.jpg,SSE-618
17701848.jpg,HEKT-L22
17702102.jpg,DXX-934
17702509.jpg,MOF-272
17702693.jpg,DTM-503
17703261.jpg,BYS-188
17704938.jpg,PBX-404
17707999.jpg,EUU-690
17708213.jpg,JMT-937
17709123.jpg,GXU-L27
17709128.jpg,GXU-427
17712011.jpg,LNL-493
17714840.jpg,KFA-51-8
17716212.jpg,SEA-206
17716813.jpg,MAW-355
17717359.jpg,GWB-069
17717558.jpg,RMYHR
17717657.jpg,SHA-896
17720702.jpg,EDB-620
17720726.jpg,EDB-952
17720846.jpg,979-MAS
17722926.jpg,EDK-758
17723466.jpg,ACD-913
17723486.jpg,MGS-557
17725154.jpg,HICPF-14
17726442.jpg,ECY-926
17726526.jpg,LNB-519
17726884.jpg,CYY-395
17727298.jpg,ANO-621
17727639.jpg,EES-397
17728703.jpg,MFR-348
17730219.jpg,EI EP-595
17730264.jpg,NHF-159
17731493.jpg,RKZ-514
17731506.jpg,SDZ-854
17732057.jpg,NSW-999
17732101.jpg,YGP
17732155.jpg,RMR-432
17732373.jpg,JEJ-274
17733863.jpg,068
17734110.jpg,SFX-241
17734178.jpg,KLU-038
17734181.jpg,P0S-424
17734236.jpg,KFJ-995
17734258.jpg,HCL-363
17734271.jpg,SGN-365
17734922.jpg,BAC-546
17737074.jpg,GHK-936
17737828.jpg,HGS-739
17738008.jpg,HMY-909
17738179.jpg,DZW-455
17738420.jpg,BKD-702
17738831.jpg,GPH-502
17739763.jpg,KIM-414
17740015.jpg,
17740617.jpg,NIW-922
17740769.jpg,AEE-306
17743748.jpg,2
17746010.jpg,RSB-129
17747037.jpg,VHC-699
17749667.jpg,
17749713.jpg,SPJ-320
17749918.jpg,RMV-783
17751401.jpg,PWX-799
17751456.jpg,SCN-725
17751942.jpg,NKW-948
17752350.jpg,AWM-527
17752752.jpg,RGC-303
17754257.jpg,
17755656.jpg,NHA-357
17755757.jpg,
17760650.jpg,
17760740.jpg,MRG-00
17760836.jpg,
17760889.jpg,P-00668
17763324.jpg,WBE-533
17763539.jpg,KSB-172
17764356.jpg,LWU-720
17765339.jpg,679-AS01
17765523.jpg,ENC-396
17765695.jpg,SPE-538
17765969.jpg,HKR-366
17766023.jpg,JFJ-659
17766502.jpg,CDK-987
17767026.jpg,KHD-730
17769328.jpg,REW-953
17770251.jpg,PYX-320
17771439.jpg,CVR-589
17773228.jpg,SFD-468
17773282.jpg,SSA-409
17773901.jpg,HA0E-44
17774544.jpg,1928
17774809.jpg,FEL-199
17775044.jpg,ROG-143
17777307.jpg,EI JZ-837
17777984.jpg,FCH-527
17779242.jpg,LPZ-929
17779296.jpg,DUR-088
17780305.jpg,KNK-615
17781343.jpg,
17782632.jpg,LUF-494
17784754.jpg,MIH-862
17784912.jpg,GVN-317
17785155.jpg,37
17787186.jpg,NALKO-2
17787298.jpg,RLK-817
17788802.jpg,SMK-934
17790254.jpg,DRS-661
17793032.jpg,4GEG-561
17794435.jpg,FCN-675
17798437.jpg,OT 90-31
17798523.jpg,1216
17798889.jpg,RJK-834
17799434.jpg,FHZ-800
17799949.jpg,GEM-617
17800199.jpg,BXP-157
17800231.jpg,SOD-689
17800350.jpg,HVT-007
17801582.jpg,NJB-485
17803168.jpg,RFHE-09
17807564.jpg,RJP-382
17807723.jpg,PBU-228
17808028.jpg,NNC-316
17811196.jpg,JDU-360
17813411.jpg,SYA-075
17815026.jpg,ESC-018
17815772.jpg,PRB-474
17815827.jpg,MER-953
17817343.jpg,PNS-302
17817554.jpg,MAU-933
17818187.jpg,RNY-456
17819468.jpg,RBG-865
17819750.jpg,SYR-053
17820990.jpg,190
17821910.jpg,MZZ-068
17822606.jpg,MOJ-542
17823111.jpg,SCC-168
17823444.jpg,KKA-187
17824155.jpg,EI ZN-789
17824536.jpg,K0M-691
17826618.jpg,903
17829181.jpg,AE ZA-500
17830017.jpg,EEE-131
17830210.jpg,KRA-435
17830729.jpg,EUR-865
17832613.jpg,HIW-276
17834304.jpg,MEB-198
17835508.jpg,HRU-835
17836067.jpg,H203
17836229.jpg,IU-622
17838362.jpg,VXC-099
17839089.jpg,970-W0M
17840172.jpg,DYL-704
17840619.jpg,PJP-593
17840749.jpg,NWE-880
17841037.jpg,
17842776.jpg,SKY-512
17842786.jpg,DWL-639
17843147.jpg,MWH-910
17843169.jpg,S
17843274.jpg,REA-993
17844046.jpg,GPJ-889
17846909.jpg,KYY-009
17847347.jpg,FDC-585
17848361.jpg,EAM62
17849396.jpg,KAY-008
17849669.jpg,FLA-54
17850033.jpg,MEJ-564
17850518.jpg,
17853485.jpg,SHT-633
17853788.jpg,OT 10-58
17854495.jpg,SDW-920
17854510.jpg,RRG-240
17855224.jpg,978
17855359.jpg,AMC-333
17856738.jpg,LSF-184
17859061.jpg,NVR-832
17860135.jpg,S0S-209
17860539.jpg,AKK-128
17863427.jpg,NRR-528
17864209.jpg,
17866010.jpg,SOX-254
17869951.jpg,AWD-248
17871198.jpg,LZP-755
17871498.jpg,HPN-539
17872004.jpg,PMA-734
17873500.jpg,EI UX-314
17875444.jpg,JMR-021
17877421.jpg,EYG-837
17877577.jpg,HVG-370
17878515.jpg,GDX-440
17879189.jpg,AVW-740
17880559.jpg,Z-050649
17880889.jpg,MRG-725
17882873.jpg,JOZ-686
17883761.jpg,EYX-408
17883982.jpg,H938
17884062.jpg,CCG-253
17885931.jpg,RVB-809
17887794.jpg,89-9
17887821.jpg,SXH-769
17887857.jpg,
17889227.jpg,HOG-876
17889387.jpg,SSM-716
17891513.jpg,SPB-696
17894156.jpg,6617
17894293.jpg,SLA-828
17894422.jpg,NKF-191
17894997.jpg,PKR-714
17896244.jpg,MYA-198
17896719.jpg,SRA-749
17896797.jpg,NHW-055
17896880.jpg,SXU-199
17901489.jpg,CD513-10
17903767.jpg,SZA-013
17903818.jpg,MAN-373
17904663.jpg,ROP-693
17904857.jpg,EUD-464
17905717.jpg,HIAHX856
17906086.jpg,FHS-824
17906564.jpg,GUF-315
17906917.jpg,HCT-153
17908295.jpg,FGK-321
17909778.jpg,GMP-502
17909836.jpg,RDA-004
17910067.jpg,KNG-342
